asset,window,pnl_per_yr,sharpe,sortino,max_dd_pct,tv_dd_pct,win,pf,trades,emaExitBandPct,trailTightenTriggerPct,trailTightPct
SPY,IS,1479,0.478,0.646,24.5,8.6,45.8,3.28,24,0.0,0.0,15.25
SPY,OOS,1455,0.357,0.471,22.6,9.3,33.3,3.69,6,0.0,0.0,15.25
SPY,HOLDOUT,3114,0.875,1.21,18.2,7.1,42.9,4.49,7,0.0,0.0,15.25
SPY,RECENT,2373,0.625,0.843,24.0,10.6,38.5,4.1,13,0.0,0.0,15.25
SPY,FULL,1800,0.535,0.722,24.5,11.2,43.2,3.63,37,0.0,0.0,15.25
QQQ,IS,2535,0.54,0.707,32.7,18.5,34.8,3.61,23,0.0,0.0,15.25
QQQ,OOS,5187,0.767,1.044,33.0,4.6,40.0,10.0,5,0.0,0.0,15.25
QQQ,HOLDOUT,4410,0.842,1.169,32.7,8.2,40.0,6.57,5,0.0,0.0,15.25
QQQ,RECENT,4757,0.797,1.094,35.4,8.2,40.0,10.0,10,0.0,0.0,15.25
QQQ,FULL,3333,0.643,0.86,35.4,18.5,36.4,5.27,33,0.0,0.0,15.25
SMH,IS,2506,0.469,0.637,35.1,25.3,34.5,2.68,29,0.0,0.0,15.25
SMH,OOS,3556,0.436,0.605,40.4,20.5,37.5,4.43,8,0.0,0.0,15.25
SMH,HOLDOUT,6261,0.697,0.968,33.7,15.0,55.6,6.53,9,0.0,0.0,15.25
SMH,RECENT,5053,0.586,0.814,47.3,26.8,47.1,5.33,17,0.0,0.0,15.25
SMH,FULL,3420,0.51,0.702,47.3,26.8,39.1,3.75,46,0.0,0.0,15.25
IWM,IS,1360,0.337,0.461,28.9,12.6,27.6,2.29,29,0.0,0.0,15.25
IWM,OOS,1263,0.246,0.344,24.7,12.4,14.3,2.39,7,0.0,0.0,15.25
IWM,HOLDOUT,987,0.212,0.305,18.0,14.9,33.3,1.72,9,0.0,0.0,15.25
IWM,RECENT,1110,0.228,0.323,39.2,22.4,25.0,2.02,16,0.0,0.0,15.25
IWM,FULL,1270,0.292,0.406,39.2,22.4,26.7,2.18,45,0.0,0.0,15.25
SPY,IS,1503,0.462,0.617,26.3,10.9,37.5,3.19,16,0.5,0.0,15.25
SPY,OOS,2387,0.531,0.707,22.2,7.2,40.0,7.69,5,0.5,0.0,15.25
SPY,HOLDOUT,3464,0.975,1.371,16.0,5.0,60.0,9.26,5,0.5,0.0,15.25
SPY,RECENT,2983,0.746,1.016,23.4,8.3,50.0,8.34,10,0.5,0.0,15.25
SPY,FULL,2034,0.575,0.775,26.3,10.9,42.3,4.94,26,0.5,0.0,15.25
QQQ,IS,2303,0.487,0.636,35.8,19.2,38.1,3.22,21,0.5,0.0,15.25
QQQ,OOS,4644,0.681,0.925,39.1,10.2,40.0,7.48,5,0.5,0.0,15.25
QQQ,HOLDOUT,4586,0.876,1.217,32.7,7.5,50.0,9.36,4,0.5,0.0,15.25
QQQ,RECENT,4612,0.769,1.055,42.8,15.1,44.4,8.17,9,0.5,0.0,15.25
QQQ,FULL,3132,0.6,0.802,42.8,19.2,40.0,4.58,30,0.5,0.0,15.25
SMH,IS,3522,0.616,0.846,33.4,15.1,40.0,4.08,20,0.5,0.0,15.25
SMH,OOS,4182,0.481,0.67,43.5,23.6,42.9,4.79,7,0.5,0.0,15.25
SMH,HOLDOUT,6261,0.697,0.968,33.7,15.0,55.6,6.53,9,0.5,0.0,15.25
SMH,RECENT,5332,0.602,0.838,50.4,29.9,50.0,5.49,16,0.5,0.0,15.25
SMH,FULL,4172,0.595,0.823,50.4,29.9,44.4,4.76,36,0.5,0.0,15.25
IWM,IS,1002,0.249,0.339,28.3,15.0,23.1,1.7,26,0.5,0.0,15.25
IWM,OOS,774,0.149,0.209,24.6,16.3,33.3,2.05,6,0.5,0.0,15.25
IWM,HOLDOUT,2364,0.47,0.686,19.1,13.3,25.0,1.14,4,0.5,0.0,15.25
IWM,RECENT,1654,0.324,0.464,37.6,19.5,30.0,1.64,10,0.5,0.0,15.25
IWM,FULL,1236,0.279,0.388,40.0,27.9,25.0,1.68,36,0.5,0.0,15.25
SPY,IS,1683,0.486,0.652,25.8,7.8,38.5,3.92,13,1.0,0.0,15.25
SPY,OOS,1738,0.389,0.513,28.3,6.1,50.0,7.36,4,1.0,0.0,15.25
SPY,HOLDOUT,3387,0.961,1.348,14.0,2.5,75.0,10.0,4,1.0,0.0,15.25
SPY,RECENT,2651,0.667,0.903,30.4,8.5,62.5,10.0,8,1.0,0.0,15.25
SPY,FULL,2031,0.556,0.748,30.4,8.5,47.6,6.0,21,1.0,0.0,15.25
QQQ,IS,1735,0.369,0.48,41.2,22.7,28.6,2.26,21,1.0,0.0,15.25
QQQ,OOS,4644,0.681,0.925,39.1,10.2,40.0,7.48,5,1.0,0.0,15.25
QQQ,HOLDOUT,4469,0.852,1.182,32.7,7.5,50.0,9.24,4,1.0,0.0,15.25
QQQ,RECENT,4547,0.758,1.039,42.8,15.1,44.4,8.13,9,1.0,0.0,15.25
QQQ,FULL,2745,0.527,0.702,42.8,22.7,33.3,3.62,30,1.0,0.0,15.25
SMH,IS,3223,0.569,0.78,37.5,11.9,38.9,3.82,18,1.0,0.0,15.25
SMH,OOS,4615,0.532,0.742,38.7,17.7,60.0,5.97,5,1.0,0.0,15.25
SMH,HOLDOUT,6059,0.674,0.937,33.7,15.0,55.6,5.49,9,1.0,0.0,15.25
SMH,RECENT,5414,0.612,0.851,48.4,28.0,57.1,5.73,14,1.0,0.0,15.25
SMH,FULL,4009,0.575,0.795,48.4,28.0,46.9,4.71,32,1.0,0.0,15.25
IWM,IS,645,0.16,0.215,35.1,18.5,24.0,1.37,25,1.0,0.0,15.25
IWM,OOS,681,0.13,0.181,25.8,16.3,33.3,1.82,6,1.0,0.0,15.25
IWM,HOLDOUT,2408,0.479,0.698,19.1,13.3,25.0,1.2,4,1.0,0.0,15.25
IWM,RECENT,1636,0.32,0.456,38.3,21.7,30.0,1.57,10,1.0,0.0,15.25
IWM,FULL,1001,0.225,0.311,44.5,32.5,25.7,1.43,35,1.0,0.0,15.25
SPY,IS,1566,0.452,0.605,26.8,11.0,33.3,3.24,12,1.5,0.0,15.25
SPY,OOS,1334,0.3,0.393,30.5,8.5,50.0,4.94,4,1.5,0.0,15.25
SPY,HOLDOUT,2423,0.667,0.908,20.3,6.6,75.0,5.69,4,1.5,0.0,15.25
SPY,RECENT,1936,0.482,0.642,37.0,15.1,62.5,5.23,8,1.5,0.0,15.25
SPY,FULL,1699,0.463,0.618,37.0,15.1,45.0,3.97,20,1.5,0.0,15.25
QQQ,IS,1603,0.34,0.441,40.0,31.6,31.6,2.01,19,1.5,0.0,15.25
QQQ,OOS,4888,0.718,0.975,37.6,8.8,50.0,10.0,4,1.5,0.0,15.25
QQQ,HOLDOUT,4496,0.857,1.19,32.7,7.5,50.0,9.31,4,1.5,0.0,15.25
QQQ,RECENT,4671,0.779,1.068,40.0,12.3,50.0,9.88,8,1.5,0.0,15.25
QQQ,FULL,2704,0.519,0.691,40.0,31.6,37.0,3.43,27,1.5,0.0,15.25
SMH,IS,3164,0.554,0.76,38.9,12.6,37.5,3.89,16,1.5,0.0,15.25
SMH,OOS,4615,0.532,0.742,38.7,17.7,60.0,5.97,5,1.5,0.0,15.25
SMH,HOLDOUT,6059,0.674,0.937,33.7,15.0,55.6,5.49,9,1.5,0.0,15.25
SMH,RECENT,5414,0.612,0.851,48.4,28.0,57.1,5.73,14,1.5,0.0,15.25
SMH,FULL,3972,0.568,0.784,48.4,28.0,46.7,4.77,30,1.5,0.0,15.25
IWM,IS,635,0.156,0.212,32.5,20.3,30.0,1.39,20,1.5,0.0,15.25
IWM,OOS,476,0.089,0.123,26.9,19.3,20.0,1.71,5,1.5,0.0,15.25
IWM,HOLDOUT,2786,0.551,0.804,19.4,7.5,33.3,2.33,3,1.5,0.0,15.25
IWM,RECENT,1753,0.338,0.481,31.7,19.3,25.0,1.88,8,1.5,0.0,15.25
IWM,FULL,1037,0.231,0.319,50.4,38.5,28.6,1.53,28,1.5,0.0,15.25
SPY,IS,1769,0.49,0.658,28.4,10.8,44.4,3.42,9,2.0,0.0,15.25
SPY,OOS,1071,0.242,0.315,31.7,9.9,50.0,3.96,4,2.0,0.0,15.25
SPY,HOLDOUT,2127,0.59,0.796,20.3,7.1,75.0,4.63,4,2.0,0.0,15.25
SPY,RECENT,1655,0.414,0.549,38.6,17.0,62.5,4.21,8,2.0,0.0,15.25
SPY,FULL,1728,0.461,0.615,38.6,17.0,52.9,3.71,17,2.0,0.0,15.25
QQQ,IS,1957,0.406,0.53,43.1,22.4,31.2,2.19,16,2.0,0.0,15.25
QQQ,OOS,4699,0.685,0.928,40.0,11.3,50.0,9.03,4,2.0,0.0,15.25
QQQ,HOLDOUT,4516,0.86,1.193,32.7,7.5,50.0,9.78,4,2.0,0.0,15.25
QQQ,RECENT,4598,0.764,1.044,42.5,14.7,50.0,9.3,8,2.0,0.0,15.25
QQQ,FULL,2905,0.55,0.733,43.1,22.4,37.5,3.76,24,2.0,0.0,15.25
SMH,IS,2584,0.461,0.629,40.0,20.1,40.0,2.69,15,2.0,0.0,15.25
SMH,OOS,4606,0.533,0.743,39.1,18.7,60.0,5.66,5,2.0,0.0,15.25
SMH,HOLDOUT,6783,0.744,1.04,33.7,15.0,62.5,7.1,8,2.0,0.0,15.25
SMH,RECENT,5810,0.652,0.91,39.7,20.0,61.5,6.31,13,2.0,0.0,15.25
SMH,FULL,3743,0.537,0.742,40.0,20.1,50.0,4.09,28,2.0,0.0,15.25
IWM,IS,877,0.212,0.287,34.3,20.4,27.8,1.59,18,2.0,0.0,15.25
IWM,OOS,1841,0.312,0.439,26.9,14.7,25.0,2.83,4,2.0,0.0,15.25
IWM,HOLDOUT,2335,0.46,0.667,22.0,10.5,33.3,1.25,3,2.0,0.0,15.25
IWM,RECENT,2114,0.387,0.553,37.0,14.7,28.6,2.19,7,2.0,0.0,15.25
IWM,FULL,1321,0.284,0.394,48.5,34.0,28.0,1.77,25,2.0,0.0,15.25
SPY,IS,1830,0.511,0.686,30.1,10.3,57.1,4.45,7,3.0,0.0,15.25
SPY,OOS,1676,0.376,0.498,25.1,7.9,66.7,5.64,3,3.0,0.0,15.25
SPY,HOLDOUT,3575,0.909,1.254,22.0,9.3,50.0,3.7,2,3.0,0.0,15.25
SPY,RECENT,2726,0.654,0.882,34.0,17.0,60.0,4.71,5,3.0,0.0,15.25
SPY,FULL,2152,0.566,0.761,34.0,17.0,58.3,4.56,12,3.0,0.0,15.25
QQQ,IS,2381,0.466,0.609,44.1,28.4,33.3,2.67,12,3.0,0.0,15.25
QQQ,OOS,4160,0.611,0.824,42.0,13.4,50.0,7.0,4,3.0,0.0,15.25
QQQ,HOLDOUT,3601,0.691,0.951,32.4,7.5,50.0,4.44,4,3.0,0.0,15.25
QQQ,RECENT,3851,0.645,0.876,47.2,19.0,50.0,5.8,8,3.0,0.0,15.25
QQQ,FULL,2908,0.535,0.711,47.2,28.4,40.0,3.63,20,3.0,0.0,15.25
SMH,IS,2973,0.517,0.707,41.8,21.1,50.0,3.62,12,3.0,0.0,15.25
SMH,OOS,4440,0.526,0.733,39.0,18.6,60.0,5.57,5,3.0,0.0,15.25
SMH,HOLDOUT,6783,0.744,1.04,33.7,15.0,62.5,7.1,8,3.0,0.0,15.25
SMH,RECENT,5736,0.651,0.908,39.6,19.9,61.5,6.27,13,3.0,0.0,15.25
SMH,FULL,3965,0.566,0.783,41.8,21.1,56.0,4.81,25,3.0,0.0,15.25
IWM,IS,912,0.223,0.301,37.7,18.3,28.6,1.73,14,3.0,0.0,15.25
IWM,OOS,1735,0.298,0.418,27.1,20.9,33.3,2.39,3,3.0,0.0,15.25
IWM,HOLDOUT,1719,0.348,0.502,20.2,17.5,33.3,0.72,3,3.0,0.0,15.25
IWM,RECENT,1726,0.323,0.458,39.7,20.9,33.3,1.58,6,3.0,0.0,15.25
IWM,FULL,1204,0.263,0.364,48.1,33.7,30.0,1.67,20,3.0,0.0,15.25
SPY,IS,1775,0.491,0.663,26.6,13.0,66.7,5.03,6,4.0,0.0,15.25
SPY,OOS,2074,0.446,0.594,20.2,3.2,100.0,10.0,2,4.0,0.0,15.25
SPY,HOLDOUT,3893,1.028,1.421,21.7,3.0,100.0,10.0,1,4.0,0.0,15.25
SPY,RECENT,3080,0.734,0.995,22.5,3.2,100.0,10.0,3,4.0,0.0,15.25
SPY,FULL,2244,0.585,0.791,26.6,13.0,77.8,8.73,9,4.0,0.0,15.25
QQQ,IS,2459,0.479,0.627,51.4,24.7,44.4,3.15,9,4.0,0.0,15.25
QQQ,OOS,4142,0.641,0.864,35.9,8.6,66.7,9.16,3,4.0,0.0,15.25
QQQ,HOLDOUT,5250,0.961,1.351,32.1,7.5,50.0,6.31,2,4.0,0.0,15.25
QQQ,RECENT,4755,0.802,1.102,37.8,10.5,60.0,8.06,5,4.0,0.0,15.25
QQQ,FULL,3283,0.605,0.807,51.4,24.7,50.0,4.37,14,4.0,0.0,15.25
SMH,IS,2728,0.482,0.658,42.2,19.1,45.5,3.03,11,4.0,0.0,15.25
SMH,OOS,3886,0.459,0.638,45.4,24.4,60.0,4.11,5,4.0,0.0,15.25
SMH,HOLDOUT,6783,0.744,1.04,33.7,15.0,62.5,7.1,8,4.0,0.0,15.25
SMH,RECENT,5489,0.622,0.867,46.0,26.3,61.5,5.25,13,4.0,0.0,15.25
SMH,FULL,3719,0.534,0.738,46.0,26.3,54.2,4.05,24,4.0,0.0,15.25
IWM,IS,1180,0.286,0.389,40.2,20.9,44.4,2.3,9,4.0,0.0,15.25
IWM,OOS,1412,0.247,0.346,27.8,22.6,33.3,2.3,3,4.0,0.0,15.25
IWM,HOLDOUT,1031,0.213,0.304,24.8,24.7,33.3,0.28,3,4.0,0.0,15.25
IWM,RECENT,1201,0.229,0.323,47.1,24.7,33.3,1.17,6,4.0,0.0,15.25
IWM,FULL,1187,0.261,0.361,47.2,30.1,40.0,1.76,15,4.0,0.0,15.25
SPY,IS,1774,0.517,0.699,20.0,3.7,100.0,10.0,4,5.0,0.0,15.25
SPY,OOS,1742,0.376,0.498,21.4,4.6,100.0,10.0,2,5.0,0.0,15.25
SPY,HOLDOUT,3648,0.972,1.338,23.0,4.4,100.0,10.0,1,5.0,0.0,15.25
SPY,RECENT,2797,0.671,0.904,25.0,4.6,100.0,10.0,3,5.0,0.0,15.25
SPY,FULL,2141,0.576,0.778,25.0,4.6,100.0,10.0,7,5.0,0.0,15.25
QQQ,IS,2868,0.574,0.754,44.2,9.7,66.7,7.3,6,5.0,0.0,15.25
QQQ,OOS,4080,0.631,0.85,36.8,9.7,66.7,8.14,3,5.0,0.0,15.25
QQQ,HOLDOUT,5158,0.95,1.334,31.8,7.5,50.0,6.07,2,5.0,0.0,15.25
QQQ,RECENT,4676,0.79,1.086,39.5,12.2,60.0,7.38,5,5.0,0.0,15.25
QQQ,FULL,3517,0.658,0.881,44.2,12.2,63.6,7.34,11,5.0,0.0,15.25
SMH,IS,2610,0.467,0.636,43.0,20.1,36.4,2.86,11,5.0,0.0,15.25
SMH,OOS,3894,0.461,0.64,45.4,24.4,60.0,4.15,5,5.0,0.0,15.25
SMH,HOLDOUT,6458,0.713,0.994,36.3,18.4,62.5,6.79,8,5.0,0.0,15.25
SMH,RECENT,5312,0.604,0.841,46.0,26.3,61.5,5.16,13,5.0,0.0,15.25
SMH,FULL,3580,0.518,0.714,46.0,26.3,50.0,3.9,24,5.0,0.0,15.25
IWM,IS,1184,0.288,0.39,45.8,26.3,57.1,2.78,7,5.0,0.0,15.25
IWM,OOS,1293,0.23,0.322,28.4,25.0,33.3,2.0,3,5.0,0.0,15.25
IWM,HOLDOUT,789,0.165,0.235,25.4,26.0,33.3,0.26,3,5.0,0.0,15.25
IWM,RECENT,1014,0.196,0.276,48.0,26.0,33.3,1.04,6,5.0,0.0,15.25
IWM,FULL,1123,0.248,0.343,48.0,26.3,46.2,1.79,13,5.0,0.0,15.25
SPY,IS,1140,0.42,0.568,18.9,13.0,45.2,2.08,31,0.0,10.0,5.0
SPY,OOS,1587,0.488,0.645,17.2,8.6,60.0,4.26,10,0.0,10.0,5.0
SPY,HOLDOUT,2054,0.65,0.896,19.2,14.1,36.4,1.68,11,0.0,10.0,5.0
SPY,RECENT,1845,0.576,0.779,20.3,14.1,47.6,2.26,21,0.0,10.0,5.0
SPY,FULL,1393,0.481,0.65,20.3,14.1,46.2,2.17,52,0.0,10.0,5.0
QQQ,IS,2265,0.64,0.879,26.9,19.1,45.7,2.84,35,0.0,10.0,5.0
QQQ,OOS,4163,0.981,1.359,19.0,13.3,63.6,5.79,11,0.0,10.0,5.0
QQQ,HOLDOUT,5329,1.265,1.839,17.9,11.4,63.6,5.02,11,0.0,10.0,5.0
QQQ,RECENT,4808,1.138,1.618,21.4,16.3,63.6,5.34,22,0.0,10.0,5.0
QQQ,FULL,3178,0.836,1.166,26.9,19.1,52.6,3.8,57,0.0,10.0,5.0
SMH,IS,2136,0.517,0.719,32.4,27.9,46.8,2.05,47,0.0,10.0,5.0
SMH,OOS,618,0.104,0.144,36.8,34.3,46.7,1.1,15,0.0,10.0,5.0
SMH,HOLDOUT,1683,0.243,0.334,35.4,31.5,50.0,1.24,18,0.0,10.0,5.0
SMH,RECENT,1207,0.186,0.256,43.6,40.7,48.5,1.18,33,0.0,10.0,5.0
SMH,FULL,1802,0.353,0.487,43.6,40.7,47.5,1.54,80,0.0,10.0,5.0
IWM,IS,1002,0.292,0.4,24.0,16.0,36.8,1.77,38,0.0,10.0,5.0
IWM,OOS,210,0.05,0.069,20.1,12.4,22.2,1.36,9,0.0,10.0,5.0
IWM,HOLDOUT,715,0.178,0.258,19.2,15.0,46.7,1.31,15,0.0,10.0,5.0
IWM,RECENT,490,0.12,0.169,34.6,26.1,37.5,1.32,24,0.0,10.0,5.0
IWM,FULL,818,0.223,0.309,34.6,26.1,37.1,1.56,62,0.0,10.0,5.0
SPY,IS,1084,0.385,0.517,21.0,13.0,44.8,2.12,29,0.0,10.0,7.5
SPY,OOS,1948,0.529,0.707,22.1,12.2,50.0,3.61,8,0.0,10.0,7.5
SPY,HOLDOUT,2664,0.787,1.079,18.8,7.2,37.5,3.0,8,0.0,10.0,7.5
SPY,RECENT,2344,0.666,0.901,25.2,15.5,43.8,3.3,16,0.0,10.0,7.5
SPY,FULL,1537,0.498,0.671,25.2,15.5,44.4,2.58,45,0.0,10.0,7.5
QQQ,IS,2445,0.652,0.891,32.3,23.8,45.2,3.06,31,0.0,10.0,7.5
QQQ,OOS,4889,1.081,1.484,20.4,12.1,55.6,7.32,9,0.0,10.0,7.5
QQQ,HOLDOUT,4622,1.065,1.524,17.9,9.1,66.7,6.56,9,0.0,10.0,7.5
QQQ,RECENT,4741,1.072,1.504,22.9,15.2,61.1,6.95,18,0.0,10.0,7.5
QQQ,FULL,3269,0.816,1.128,32.3,23.8,51.0,4.33,49,0.0,10.0,7.5
SMH,IS,2771,0.629,0.883,26.8,20.0,43.2,2.69,37,0.0,10.0,7.5
SMH,OOS,-1577,-0.264,-0.355,46.5,38.8,46.7,1.09,15,0.0,10.0,7.5
SMH,HOLDOUT,7303,0.939,1.355,36.9,30.1,50.0,2.87,14,0.0,10.0,7.5
SMH,RECENT,3335,0.474,0.669,53.4,45.1,48.3,1.89,29,0.0,10.0,7.5
SMH,FULL,2973,0.541,0.762,53.4,45.1,45.5,2.16,66,0.0,10.0,7.5
IWM,IS,1214,0.331,0.453,24.7,15.7,28.6,1.93,35,0.0,10.0,7.5
IWM,OOS,853,0.193,0.271,20.8,12.4,12.5,1.79,8,0.0,10.0,7.5
IWM,HOLDOUT,197,0.048,0.069,14.5,14.9,46.7,1.14,15,0.0,10.0,7.5
IWM,RECENT,490,0.116,0.164,35.3,26.3,34.8,1.43,23,0.0,10.0,7.5
IWM,FULL,954,0.246,0.342,35.3,26.3,31.0,1.73,58,0.0,10.0,7.5
SPY,IS,1291,0.431,0.573,25.1,13.0,46.2,2.65,26,0.0,10.0,10.0
SPY,OOS,915,0.249,0.327,24.4,11.3,50.0,2.75,8,0.0,10.0,10.0
SPY,HOLDOUT,3114,0.875,1.21,18.2,7.1,42.9,4.49,7,0.0,10.0,10.0
SPY,RECENT,2131,0.591,0.797,27.5,14.6,46.7,3.57,15,0.0,10.0,10.0
SPY,FULL,1593,0.493,0.66,27.5,14.6,46.3,3.02,41,0.0,10.0,10.0
QQQ,IS,2255,0.562,0.755,28.4,18.5,37.0,3.13,27,0.0,10.0,10.0
QQQ,OOS,4678,0.969,1.303,14.7,3.9,62.5,10.0,8,0.0,10.0,10.0
QQQ,HOLDOUT,3373,0.713,0.996,20.4,7.9,71.4,6.78,7,0.0,10.0,10.0
QQQ,RECENT,3956,0.829,1.137,20.4,7.9,66.7,10.0,15,0.0,10.0,10.0
QQQ,FULL,2866,0.666,0.903,28.4,18.5,47.6,4.86,42,0.0,10.0,10.0
SMH,IS,2170,0.45,0.617,33.0,28.7,32.4,1.97,34,0.0,10.0,10.0
SMH,OOS,4647,0.643,0.91,28.2,18.2,50.0,5.27,10,0.0,10.0,10.0
SMH,HOLDOUT,8333,1.032,1.483,35.2,16.4,66.7,4.02,12,0.0,10.0,10.0
SMH,RECENT,6686,0.868,1.239,35.2,24.5,59.1,4.43,22,0.0,10.0,10.0
SMH,FULL,3791,0.63,0.884,35.2,28.7,42.9,2.98,56,0.0,10.0,10.0
IWM,IS,922,0.246,0.333,31.6,19.2,29.4,1.7,34,0.0,10.0,10.0
IWM,OOS,604,0.135,0.187,23.7,12.4,22.2,1.65,9,0.0,10.0,10.0
IWM,HOLDOUT,184,0.042,0.059,18.1,14.9,33.3,1.0,12,0.0,10.0,10.0
IWM,RECENT,372,0.084,0.117,38.1,25.7,28.6,1.29,21,0.0,10.0,10.0
IWM,FULL,724,0.18,0.248,38.1,25.7,29.1,1.53,55,0.0,10.0,10.0
SPY,IS,1297,0.464,0.629,18.9,13.0,46.4,2.39,28,0.0,20.0,5.0
SPY,OOS,611,0.169,0.217,22.6,13.8,37.5,1.99,8,0.0,20.0,5.0
SPY,HOLDOUT,2468,0.771,1.071,15.6,7.1,44.4,2.6,9,0.0,20.0,5.0
SPY,RECENT,1638,0.483,0.644,22.6,17.1,41.2,2.29,17,0.0,20.0,5.0
SPY,FULL,1419,0.47,0.632,22.6,17.1,44.4,2.35,45,0.0,20.0,5.0
QQQ,IS,2278,0.593,0.793,27.0,21.6,36.7,2.81,30,0.0,20.0,5.0
QQQ,OOS,5159,1.17,1.638,19.0,13.3,55.6,6.7,9,0.0,20.0,5.0
QQQ,HOLDOUT,4098,0.891,1.256,25.2,11.1,37.5,3.35,8,0.0,20.0,5.0
QQQ,RECENT,4572,1.013,1.423,25.2,16.3,47.1,4.73,17,0.0,20.0,5.0
QQQ,FULL,3102,0.757,1.034,27.0,21.6,40.4,3.53,47,0.0,20.0,5.0
SMH,IS,2430,0.536,0.738,35.1,25.3,37.8,2.76,37,0.0,20.0,5.0
SMH,OOS,2919,0.447,0.633,37.9,22.3,36.4,2.03,11,0.0,20.0,5.0
SMH,HOLDOUT,3393,0.44,0.61,34.4,30.6,46.7,1.71,15,0.0,20.0,5.0
SMH,RECENT,3182,0.441,0.617,44.8,30.6,42.3,1.82,26,0.0,20.0,5.0
SMH,FULL,2700,0.478,0.665,44.8,30.6,39.7,2.21,63,0.0,20.0,5.0
IWM,IS,1479,0.409,0.563,24.0,16.0,32.4,2.25,34,0.0,20.0,5.0
IWM,OOS,193,0.044,0.061,20.8,12.4,25.0,1.45,8,0.0,20.0,5.0
IWM,HOLDOUT,1015,0.238,0.343,15.9,14.9,36.4,1.51,11,0.0,20.0,5.0
IWM,RECENT,648,0.151,0.211,35.2,22.4,31.6,1.49,19,0.0,20.0,5.0
IWM,FULL,1181,0.304,0.423,35.2,22.4,32.1,1.93,53,0.0,20.0,5.0
SPY,IS,1377,0.472,0.636,22.0,13.0,40.7,2.48,27,0.0,20.0,7.5
SPY,OOS,1326,0.34,0.447,22.6,12.2,28.6,2.66,7,0.0,20.0,7.5
SPY,HOLDOUT,2629,0.781,1.068,18.8,7.2,37.5,3.35,8,0.0,20.0,7.5
SPY,RECENT,2047,0.567,0.758,25.5,15.5,33.3,2.94,15,0.0,20.0,7.5
SPY,FULL,1617,0.508,0.682,25.5,15.5,38.1,2.66,42,0.0,20.0,7.5
QQQ,IS,2402,0.605,0.811,32.3,23.8,39.3,3.0,28,0.0,20.0,7.5
QQQ,OOS,5452,1.154,1.601,20.4,12.1,50.0,7.58,8,0.0,20.0,7.5
QQQ,HOLDOUT,4715,1.01,1.443,19.5,9.1,57.1,4.6,7,0.0,20.0,7.5
QQQ,RECENT,5044,1.075,1.515,22.9,15.2,53.3,5.93,15,0.0,20.0,7.5
QQQ,FULL,3350,0.79,1.081,32.3,23.8,44.2,4.01,43,0.0,20.0,7.5
SMH,IS,2657,0.561,0.775,35.1,25.3,33.3,2.42,33,0.0,20.0,7.5
SMH,OOS,1635,0.249,0.347,39.8,33.7,33.3,1.76,12,0.0,20.0,7.5
SMH,HOLDOUT,8035,0.996,1.426,34.8,27.9,50.0,3.43,12,0.0,20.0,7.5
SMH,RECENT,5175,0.697,0.987,46.7,40.0,41.7,2.43,24,0.0,20.0,7.5
SMH,FULL,3561,0.609,0.854,46.7,40.0,36.8,2.43,57,0.0,20.0,7.5
IWM,IS,1077,0.287,0.393,25.7,15.7,30.3,1.87,33,0.0,20.0,7.5
IWM,OOS,853,0.193,0.271,20.8,12.4,12.5,1.79,8,0.0,20.0,7.5
IWM,HOLDOUT,781,0.179,0.257,16.2,14.9,36.4,1.44,11,0.0,20.0,7.5
IWM,RECENT,813,0.185,0.263,35.3,26.3,26.3,1.6,19,0.0,20.0,7.5
IWM,FULL,982,0.246,0.342,35.3,26.3,28.8,1.76,52,0.0,20.0,7.5
SPY,IS,1291,0.431,0.573,25.1,13.0,46.2,2.65,26,0.0,20.0,10.0
SPY,OOS,1086,0.277,0.363,25.1,11.3,28.6,2.57,7,0.0,20.0,10.0
SPY,HOLDOUT,3114,0.875,1.21,18.2,7.1,42.9,4.49,7,0.0,20.0,10.0
SPY,RECENT,2208,0.593,0.798,28.2,14.6,35.7,3.38,14,0.0,20.0,10.0
SPY,FULL,1620,0.494,0.661,28.2,14.6,42.5,2.97,40,0.0,20.0,10.0
QQQ,IS,2119,0.519,0.69,28.4,18.5,34.6,2.77,26,0.0,20.0,10.0
QQQ,OOS,5507,1.103,1.506,14.7,3.9,57.1,10.0,7,0.0,20.0,10.0
QQQ,HOLDOUT,3980,0.824,1.16,20.4,7.5,50.0,6.3,6,0.0,20.0,10.0
QQQ,RECENT,4663,0.951,1.319,20.4,7.5,53.8,10.0,13,0.0,20.0,10.0
QQQ,FULL,3032,0.69,0.935,28.4,18.5,41.0,4.51,39,0.0,20.0,10.0
SMH,IS,2474,0.498,0.682,37.2,26.6,32.3,2.2,31,0.0,20.0,10.0
SMH,OOS,5279,0.712,1.01,29.5,18.2,44.4,6.15,9,0.0,20.0,10.0
SMH,HOLDOUT,9087,1.102,1.579,35.2,16.4,60.0,6.88,10,0.0,20.0,10.0
SMH,RECENT,7386,0.937,1.337,36.3,24.5,52.6,6.55,19,0.0,20.0,10.0
SMH,FULL,4237,0.686,0.962,37.2,26.6,40.0,3.78,50,0.0,20.0,10.0
IWM,IS,932,0.246,0.335,31.6,19.2,29.4,1.7,34,0.0,20.0,10.0
IWM,OOS,669,0.149,0.207,22.9,12.4,12.5,1.73,8,0.0,20.0,10.0
IWM,HOLDOUT,195,0.044,0.062,18.0,14.9,36.4,1.01,11,0.0,20.0,10.0
IWM,RECENT,407,0.091,0.128,37.4,24.9,26.3,1.34,19,0.0,20.0,10.0
IWM,FULL,743,0.184,0.253,37.4,24.9,28.3,1.57,53,0.0,20.0,10.0
SPY,IS,1344,0.461,0.627,24.5,9.1,46.2,2.98,26,0.0,30.0,5.0
SPY,OOS,1305,0.347,0.455,22.6,9.3,28.6,3.2,7,0.0,30.0,5.0
SPY,HOLDOUT,2889,0.836,1.158,20.2,14.1,37.5,2.86,8,0.0,30.0,5.0
SPY,RECENT,2181,0.607,0.817,22.6,14.1,33.3,2.99,15,0.0,30.0,5.0
SPY,FULL,1645,0.518,0.701,24.5,14.1,41.5,2.98,41,0.0,30.0,5.0
QQQ,IS,2336,0.576,0.766,28.4,18.5,40.7,3.35,27,0.0,30.0,5.0
QQQ,OOS,4132,0.806,1.095,21.0,9.3,42.9,7.96,7,0.0,30.0,5.0
QQQ,HOLDOUT,4274,0.893,1.262,25.2,11.1,28.6,3.48,7,0.0,30.0,5.0
QQQ,RECENT,4210,0.852,1.181,25.2,12.4,35.7,4.94,14,0.0,30.0,5.0
QQQ,FULL,3009,0.685,0.927,28.4,18.5,39.0,3.98,41,0.0,30.0,5.0
SMH,IS,2420,0.501,0.687,35.1,25.3,38.7,2.48,31,0.0,30.0,5.0
SMH,OOS,2898,0.444,0.621,37.1,34.3,41.7,2.3,12,0.0,30.0,5.0
SMH,HOLDOUT,6175,0.781,1.104,32.5,23.0,45.5,2.99,11,0.0,30.0,5.0
SMH,RECENT,4711,0.643,0.906,44.0,40.7,43.5,2.62,23,0.0,30.0,5.0
SMH,FULL,3242,0.555,0.772,44.0,40.7,40.7,2.56,54,0.0,30.0,5.0
IWM,IS,1806,0.484,0.669,24.0,16.0,25.0,2.54,32,0.0,30.0,5.0
IWM,OOS,564,0.131,0.182,20.1,12.4,12.5,1.61,8,0.0,30.0,5.0
IWM,HOLDOUT,816,0.18,0.261,20.1,15.0,30.0,1.35,10,0.0,30.0,5.0
IWM,RECENT,703,0.159,0.225,34.6,26.0,22.2,1.45,18,0.0,30.0,5.0
IWM,FULL,1410,0.353,0.493,34.6,26.0,24.0,2.04,50,0.0,30.0,5.0
SPY,IS,1429,0.477,0.645,24.5,8.7,44.0,3.18,25,0.0,30.0,7.5
SPY,OOS,1326,0.34,0.447,22.6,12.2,28.6,2.66,7,0.0,30.0,7.5
SPY,HOLDOUT,3276,0.948,1.339,15.9,6.0,42.9,5.22,7,0.0,30.0,7.5
SPY,RECENT,2404,0.657,0.894,25.5,15.5,35.7,3.62,14,0.0,30.0,7.5
SPY,FULL,1779,0.547,0.742,25.5,15.5,41.0,3.39,39,0.0,30.0,7.5
QQQ,IS,2421,0.599,0.803,28.4,18.5,38.5,3.27,26,0.0,30.0,7.5
QQQ,OOS,4470,0.867,1.178,21.4,4.6,57.1,10.0,7,0.0,30.0,7.5
QQQ,HOLDOUT,3673,0.759,1.068,25.2,11.2,28.6,2.84,7,0.0,30.0,7.5
QQQ,RECENT,4029,0.809,1.119,25.2,11.2,42.9,5.24,14,0.0,30.0,7.5
QQQ,FULL,2999,0.681,0.926,28.4,18.5,40.0,3.96,40,0.0,30.0,7.5
SMH,IS,2697,0.559,0.772,35.1,25.3,36.7,2.87,30,0.0,30.0,7.5
SMH,OOS,1640,0.251,0.349,39.8,33.7,33.3,1.71,12,0.0,30.0,7.5
SMH,HOLDOUT,7491,0.917,1.295,32.5,16.4,60.0,4.42,10,0.0,30.0,7.5
SMH,RECENT,4877,0.651,0.915,46.7,40.0,45.5,2.55,22,0.0,30.0,7.5
SMH,FULL,3480,0.588,0.82,46.7,40.0,40.4,2.66,52,0.0,30.0,7.5
IWM,IS,1540,0.405,0.557,24.7,15.7,25.0,2.23,32,0.0,30.0,7.5
IWM,OOS,853,0.193,0.271,20.8,12.4,12.5,1.79,8,0.0,30.0,7.5
IWM,HOLDOUT,1231,0.271,0.394,14.5,14.9,30.0,1.82,10,0.0,30.0,7.5
IWM,RECENT,1062,0.237,0.339,35.3,26.3,22.2,1.81,18,0.0,30.0,7.5
IWM,FULL,1369,0.337,0.471,35.3,26.3,24.0,2.06,50,0.0,30.0,7.5
SPY,IS,1303,0.431,0.58,24.5,8.6,48.0,2.97,25,0.0,30.0,10.0
SPY,OOS,1086,0.277,0.363,25.1,11.3,28.6,2.57,7,0.0,30.0,10.0
SPY,HOLDOUT,3114,0.875,1.21,18.2,7.1,42.9,4.49,7,0.0,30.0,10.0
SPY,RECENT,2208,0.593,0.798,28.2,14.6,35.7,3.38,14,0.0,30.0,10.0
SPY,FULL,1628,0.495,0.665,28.2,14.6,43.6,3.16,39,0.0,30.0,10.0
QQQ,IS,2120,0.516,0.686,28.4,18.5,32.0,2.77,25,0.0,30.0,10.0
QQQ,OOS,5724,1.041,1.415,21.0,2.3,50.0,10.0,6,0.0,30.0,10.0
QQQ,HOLDOUT,5054,0.985,1.396,23.6,7.5,40.0,8.3,5,0.0,30.0,10.0
QQQ,RECENT,5354,1.01,1.403,23.6,7.5,45.5,10.0,11,0.0,30.0,10.0
QQQ,FULL,3281,0.717,0.974,28.4,18.5,36.1,4.82,36,0.0,30.0,10.0
SMH,IS,2422,0.483,0.66,35.1,25.3,33.3,2.37,30,0.0,30.0,10.0
SMH,OOS,5289,0.715,1.016,29.5,18.2,44.4,5.98,9,0.0,30.0,10.0
SMH,HOLDOUT,6302,0.761,1.064,35.2,16.4,50.0,3.83,10,0.0,30.0,10.0
SMH,RECENT,5849,0.741,1.042,36.3,24.5,47.4,4.64,19,0.0,30.0,10.0
SMH,FULL,3653,0.589,0.818,36.3,25.3,38.8,3.37,49,0.0,30.0,10.0
IWM,IS,1290,0.333,0.453,31.6,19.2,25.0,2.0,32,0.0,30.0,10.0
IWM,OOS,669,0.149,0.207,22.9,12.4,12.5,1.73,8,0.0,30.0,10.0
IWM,HOLDOUT,1000,0.218,0.313,17.8,14.9,30.0,1.64,10,0.0,30.0,10.0
IWM,RECENT,852,0.187,0.265,37.4,24.9,22.2,1.68,18,0.0,30.0,10.0
IWM,FULL,1133,0.274,0.38,37.4,24.9,24.0,1.88,50,0.0,30.0,10.0
SPY,IS,1479,0.478,0.646,24.5,8.6,45.8,3.28,24,0.0,50.0,5.0
SPY,OOS,1455,0.357,0.471,22.6,9.3,33.3,3.69,6,0.0,50.0,5.0
SPY,HOLDOUT,3114,0.875,1.21,18.2,7.1,42.9,4.49,7,0.0,50.0,5.0
SPY,RECENT,2373,0.625,0.843,24.0,10.6,38.5,4.1,13,0.0,50.0,5.0
SPY,FULL,1800,0.535,0.722,24.5,11.2,43.2,3.63,37,0.0,50.0,5.0
QQQ,IS,2367,0.569,0.749,28.4,18.5,36.0,3.12,25,0.0,50.0,5.0
QQQ,OOS,4206,0.76,1.029,21.4,9.7,50.0,10.0,6,0.0,50.0,5.0
QQQ,HOLDOUT,6359,1.248,1.799,20.0,5.7,60.0,10.0,5,0.0,50.0,5.0
QQQ,RECENT,5397,1.019,1.423,23.8,9.7,54.5,10.0,11,0.0,50.0,5.0
QQQ,FULL,3455,0.751,1.016,28.4,18.5,41.7,5.19,36,0.0,50.0,5.0
SMH,IS,2403,0.49,0.67,35.1,25.3,35.5,2.38,31,0.0,50.0,5.0
SMH,OOS,3064,0.413,0.577,40.4,20.5,44.4,4.15,9,0.0,50.0,5.0
SMH,HOLDOUT,8316,0.927,1.301,33.7,15.0,66.7,9.53,9,0.0,50.0,5.0
SMH,RECENT,5969,0.718,1.006,47.3,26.8,55.6,6.28,18,0.0,50.0,5.0
SMH,FULL,3683,0.581,0.806,47.3,26.8,42.9,3.78,49,0.0,50.0,5.0
IWM,IS,1360,0.337,0.461,28.9,12.6,27.6,2.29,29,0.0,50.0,5.0
IWM,OOS,1585,0.315,0.447,21.0,14.7,12.5,2.08,8,0.0,50.0,5.0
IWM,HOLDOUT,987,0.212,0.305,18.0,14.9,33.3,1.72,9,0.0,50.0,5.0
IWM,RECENT,1254,0.26,0.371,35.4,29.5,23.5,1.92,17,0.0,50.0,5.0
IWM,FULL,1322,0.305,0.425,35.4,29.5,26.1,2.13,46,0.0,50.0,5.0
SPY,IS,1479,0.478,0.646,24.5,8.6,45.8,3.28,24,0.0,50.0,7.5
SPY,OOS,1455,0.357,0.471,22.6,9.3,33.3,3.69,6,0.0,50.0,7.5
SPY,HOLDOUT,3114,0.875,1.21,18.2,7.1,42.9,4.49,7,0.0,50.0,7.5
SPY,RECENT,2373,0.625,0.843,24.0,10.6,38.5,4.1,13,0.0,50.0,7.5
SPY,FULL,1800,0.535,0.722,24.5,11.2,43.2,3.63,37,0.0,50.0,7.5
QQQ,IS,2211,0.527,0.691,28.4,18.5,36.0,2.98,25,0.0,50.0,7.5
QQQ,OOS,4627,0.825,1.117,22.3,4.6,50.0,10.0,6,0.0,50.0,7.5
QQQ,HOLDOUT,5838,1.145,1.637,19.5,5.7,60.0,10.0,5,0.0,50.0,7.5
QQQ,RECENT,5297,0.994,1.381,24.7,7.6,54.5,10.0,11,0.0,50.0,7.5
QQQ,FULL,3319,0.716,0.964,28.4,18.5,41.7,5.05,36,0.0,50.0,7.5
SMH,IS,2460,0.503,0.692,35.1,25.3,36.7,2.64,30,0.0,50.0,7.5
SMH,OOS,2810,0.377,0.53,40.4,24.7,33.3,2.72,9,0.0,50.0,7.5
SMH,HOLDOUT,7618,0.851,1.19,33.7,15.0,66.7,8.78,9,0.0,50.0,7.5
SMH,RECENT,5470,0.658,0.921,47.3,31.0,50.0,4.37,18,0.0,50.0,7.5
SMH,FULL,3540,0.559,0.777,47.3,31.0,41.7,3.47,48,0.0,50.0,7.5
IWM,IS,1360,0.337,0.461,28.9,12.6,27.6,2.29,29,0.0,50.0,7.5
IWM,OOS,1532,0.303,0.428,21.6,12.4,12.5,2.3,8,0.0,50.0,7.5
IWM,HOLDOUT,987,0.212,0.305,18.0,14.9,33.3,1.72,9,0.0,50.0,7.5
IWM,RECENT,1231,0.255,0.363,36.1,25.7,23.5,2.01,17,0.0,50.0,7.5
IWM,FULL,1313,0.303,0.422,36.1,25.7,26.1,2.17,46,0.0,50.0,7.5
SPY,IS,1479,0.478,0.646,24.5,8.6,45.8,3.28,24,0.0,50.0,10.0
SPY,OOS,1455,0.357,0.471,22.6,9.3,33.3,3.69,6,0.0,50.0,10.0
SPY,HOLDOUT,3114,0.875,1.21,18.2,7.1,42.9,4.49,7,0.0,50.0,10.0
SPY,RECENT,2373,0.625,0.843,24.0,10.6,38.5,4.1,13,0.0,50.0,10.0
SPY,FULL,1800,0.535,0.722,24.5,11.2,43.2,3.63,37,0.0,50.0,10.0
QQQ,IS,1958,0.464,0.605,28.4,18.5,32.0,2.61,25,0.0,50.0,10.0
QQQ,OOS,4105,0.718,0.97,22.3,4.6,50.0,10.0,6,0.0,50.0,10.0
QQQ,HOLDOUT,5054,0.985,1.396,23.6,7.5,40.0,8.3,5,0.0,50.0,10.0
QQQ,RECENT,4630,0.858,1.185,24.7,7.6,45.5,10.0,11,0.0,50.0,10.0
QQQ,FULL,2917,0.623,0.836,28.4,18.5,36.1,4.24,36,0.0,50.0,10.0
SMH,IS,2422,0.483,0.66,35.1,25.3,33.3,2.37,30,0.0,50.0,10.0
SMH,OOS,4355,0.543,0.767,40.4,20.5,37.5,4.89,8,0.0,50.0,10.0
SMH,HOLDOUT,6949,0.776,1.083,33.7,15.0,55.6,7.97,9,0.0,50.0,10.0
SMH,RECENT,5790,0.677,0.95,47.3,26.8,47.1,6.12,17,0.0,50.0,10.0
SMH,FULL,3631,0.558,0.775,47.3,26.8,38.3,3.71,47,0.0,50.0,10.0
IWM,IS,1360,0.337,0.461,28.9,12.6,27.6,2.29,29,0.0,50.0,10.0
IWM,OOS,1271,0.248,0.346,24.6,12.4,12.5,2.11,8,0.0,50.0,10.0
IWM,HOLDOUT,987,0.212,0.305,18.0,14.9,33.3,1.72,9,0.0,50.0,10.0
IWM,RECENT,1114,0.229,0.324,39.1,25.7,23.5,1.92,17,0.0,50.0,10.0
IWM,FULL,1271,0.292,0.406,39.1,25.7,26.1,2.14,46,0.0,50.0,10.0
SPY,IS,1180,0.391,0.522,23.8,13.9,33.3,1.86,18,1.0,20.0,7.5
SPY,OOS,2270,0.596,0.796,25.8,15.8,50.0,3.82,6,1.0,20.0,7.5
SPY,HOLDOUT,3002,0.906,1.26,16.0,4.1,60.0,10.0,5,1.0,20.0,7.5
SPY,RECENT,2675,0.755,1.028,27.9,18.2,54.5,5.09,11,1.0,20.0,7.5
SPY,FULL,1717,0.534,0.718,27.9,18.2,41.4,2.83,29,1.0,20.0,7.5
QQQ,IS,1933,0.486,0.656,43.2,34.4,33.3,2.17,24,1.0,20.0,7.5
QQQ,OOS,4909,1.021,1.412,26.5,17.7,50.0,4.9,8,1.0,20.0,7.5
QQQ,HOLDOUT,4784,1.025,1.463,19.2,9.8,66.7,5.34,6,1.0,20.0,7.5
QQQ,RECENT,4840,1.023,1.439,30.3,22.6,57.1,5.08,14,1.0,20.0,7.5
QQQ,FULL,2977,0.698,0.959,43.2,34.4,42.1,3.08,38,1.0,20.0,7.5
SMH,IS,3702,0.766,1.087,24.2,14.4,40.9,3.7,22,1.0,20.0,7.5
SMH,OOS,1640,0.247,0.344,38.1,30.9,50.0,1.84,10,1.0,20.0,7.5
SMH,HOLDOUT,7833,0.971,1.39,34.8,27.9,50.0,3.23,12,1.0,20.0,7.5
SMH,RECENT,5066,0.679,0.962,47.9,41.2,50.0,2.43,22,1.0,20.0,7.5
SMH,FULL,4192,0.709,1.005,47.9,41.2,45.5,2.83,44,1.0,20.0,7.5
IWM,IS,651,0.173,0.233,32.5,23.7,24.1,1.3,29,1.0,20.0,7.5
IWM,OOS,273,0.062,0.086,23.3,16.3,28.6,1.46,7,1.0,20.0,7.5
IWM,HOLDOUT,2055,0.445,0.65,18.1,13.3,42.9,3.17,7,1.0,20.0,7.5
IWM,RECENT,1259,0.278,0.397,34.4,25.7,35.7,2.11,14,1.0,20.0,7.5
IWM,FULL,870,0.214,0.296,43.4,33.8,27.9,1.56,43,1.0,20.0,7.5
SPY,IS,1561,0.467,0.621,25.8,11.0,33.3,2.98,15,1.0,20.0,10.0
SPY,OOS,1204,0.317,0.415,28.1,14.8,50.0,3.17,6,1.0,20.0,10.0
SPY,HOLDOUT,3321,0.943,1.322,14.5,2.5,75.0,10.0,4,1.0,20.0,10.0
SPY,RECENT,2375,0.651,0.882,30.2,17.2,60.0,5.47,10,1.0,20.0,10.0
SPY,FULL,1853,0.536,0.719,30.2,17.2,44.0,3.89,25,1.0,20.0,10.0
QQQ,IS,1510,0.366,0.484,34.1,22.1,26.1,1.93,23,1.0,20.0,10.0
QQQ,OOS,4662,0.913,1.238,22.8,11.5,57.1,6.78,7,1.0,20.0,10.0
QQQ,HOLDOUT,4156,0.86,1.212,20.4,6.8,60.0,9.37,5,1.0,20.0,10.0
QQQ,RECENT,4382,0.884,1.223,26.6,16.3,58.3,7.58,12,1.0,20.0,10.0
QQQ,FULL,2541,0.572,0.772,34.1,22.1,37.1,3.13,35,1.0,20.0,10.0
SMH,IS,3390,0.663,0.927,37.3,18.0,38.1,3.16,21,1.0,20.0,10.0
SMH,OOS,6131,0.8,1.138,27.7,15.4,66.7,7.86,6,1.0,20.0,10.0
SMH,HOLDOUT,8885,1.077,1.543,35.2,16.4,60.0,6.05,10,1.0,20.0,10.0
SMH,RECENT,7655,0.958,1.368,37.5,25.7,62.5,6.76,16,1.0,20.0,10.0
SMH,FULL,4921,0.781,1.105,37.5,25.7,48.6,4.64,37,1.0,20.0,10.0
IWM,IS,393,0.102,0.137,39.3,27.1,24.1,1.14,29,1.0,20.0,10.0
IWM,OOS,89,0.02,0.027,24.0,16.3,28.6,1.39,7,1.0,20.0,10.0
IWM,HOLDOUT,1442,0.308,0.44,18.8,13.3,33.3,1.53,6,1.0,20.0,10.0
IWM,RECENT,837,0.182,0.256,36.6,24.4,30.8,1.45,13,1.0,20.0,10.0
IWM,FULL,553,0.134,0.183,48.3,35.5,26.2,1.24,42,1.0,20.0,10.0
SPY,IS,1433,0.45,0.604,26.1,13.9,33.3,2.64,15,1.0,30.0,7.5
SPY,OOS,1852,0.437,0.578,27.0,15.8,40.0,3.51,5,1.0,30.0,7.5
SPY,HOLDOUT,2938,0.823,1.138,20.0,10.1,60.0,4.3,5,1.0,30.0,7.5
SPY,RECENT,2453,0.632,0.852,29.1,18.2,50.0,3.82,10,1.0,30.0,7.5
SPY,FULL,1799,0.521,0.701,29.1,18.2,40.0,3.19,25,1.0,30.0,7.5
QQQ,IS,1688,0.406,0.535,40.8,22.7,34.8,2.22,23,1.0,30.0,7.5
QQQ,OOS,3928,0.751,1.018,27.4,10.2,57.1,6.67,7,1.0,30.0,7.5
QQQ,HOLDOUT,3742,0.773,1.088,25.2,10.4,33.3,3.15,6,1.0,30.0,7.5
QQQ,RECENT,3825,0.762,1.053,31.2,15.1,46.2,4.43,13,1.0,30.0,7.5
QQQ,FULL,2455,0.548,0.736,40.8,22.7,38.9,2.98,36,1.0,30.0,7.5
SMH,IS,3631,0.733,1.034,24.0,14.4,40.0,3.87,20,1.0,30.0,7.5
SMH,OOS,2516,0.369,0.517,38.1,30.9,44.4,1.99,9,1.0,30.0,7.5
SMH,HOLDOUT,7289,0.892,1.26,32.5,16.4,60.0,4.03,10,1.0,30.0,7.5
SMH,RECENT,5156,0.679,0.956,47.9,41.2,52.6,2.68,19,1.0,30.0,7.5
SMH,FULL,4178,0.693,0.975,47.9,41.2,46.2,3.07,39,1.0,30.0,7.5
IWM,IS,806,0.211,0.285,32.5,23.7,21.4,1.39,28,1.0,30.0,7.5
IWM,OOS,273,0.062,0.086,23.3,16.3,28.6,1.46,7,1.0,30.0,7.5
IWM,HOLDOUT,2689,0.547,0.809,18.1,13.3,33.3,3.34,6,1.0,30.0,7.5
IWM,RECENT,1610,0.342,0.494,34.4,25.7,30.8,2.26,13,1.0,30.0,7.5
IWM,FULL,1095,0.263,0.366,41.1,32.5,24.4,1.68,41,1.0,30.0,7.5
SPY,IS,1523,0.45,0.602,25.8,10.9,35.7,3.23,14,1.0,30.0,10.0
SPY,OOS,1591,0.373,0.492,30.0,14.8,40.0,3.48,5,1.0,30.0,10.0
SPY,HOLDOUT,3321,0.943,1.322,14.5,2.5,75.0,10.0,4,1.0,30.0,10.0
SPY,RECENT,2548,0.659,0.892,32.1,17.2,55.6,5.76,9,1.0,30.0,10.0
SPY,FULL,1891,0.531,0.713,32.1,17.2,43.5,4.24,23,1.0,30.0,10.0
QQQ,IS,1164,0.274,0.356,40.8,22.7,26.1,1.67,23,1.0,30.0,10.0
QQQ,OOS,4879,0.871,1.177,25.1,11.5,50.0,7.0,6,1.0,30.0,10.0
QQQ,HOLDOUT,5230,1.019,1.446,23.6,6.8,50.0,10.0,4,1.0,30.0,10.0
QQQ,RECENT,5073,0.949,1.314,28.9,16.3,50.0,8.65,10,1.0,30.0,10.0
QQQ,FULL,2568,0.55,0.734,40.8,22.7,33.3,3.16,33,1.0,30.0,10.0
SMH,IS,3211,0.618,0.86,37.3,18.0,35.0,3.01,20,1.0,30.0,10.0
SMH,OOS,6131,0.8,1.138,27.7,15.4,66.7,7.86,6,1.0,30.0,10.0
SMH,HOLDOUT,6100,0.736,1.029,35.2,16.4,50.0,3.49,10,1.0,30.0,10.0
SMH,RECENT,6114,0.763,1.074,37.5,25.7,56.2,4.88,16,1.0,30.0,10.0
SMH,FULL,4253,0.67,0.938,37.5,25.7,44.4,3.87,36,1.0,30.0,10.0
IWM,IS,561,0.144,0.193,39.3,27.1,21.4,1.24,28,1.0,30.0,10.0
IWM,OOS,89,0.02,0.027,24.0,16.3,28.6,1.39,7,1.0,30.0,10.0
IWM,HOLDOUT,2449,0.492,0.718,18.5,13.3,20.0,1.19,5,1.0,30.0,10.0
IWM,RECENT,1394,0.292,0.417,36.6,24.4,25.0,1.3,12,1.0,30.0,10.0
IWM,FULL,860,0.204,0.28,44.5,32.5,22.5,1.26,40,1.0,30.0,10.0
SPY,IS,1137,0.371,0.495,28.9,20.4,35.7,1.69,14,2.0,20.0,7.5
SPY,OOS,1986,0.484,0.646,30.7,19.6,40.0,3.03,5,2.0,20.0,7.5
SPY,HOLDOUT,1459,0.433,0.58,19.3,8.2,60.0,1.91,5,2.0,20.0,7.5
SPY,RECENT,1694,0.456,0.609,37.6,26.7,50.0,2.59,10,2.0,20.0,7.5
SPY,FULL,1337,0.404,0.539,37.6,26.7,41.7,2.04,24,2.0,20.0,7.5
QQQ,IS,2090,0.518,0.7,36.5,27.3,30.0,2.01,20,2.0,20.0,7.5
QQQ,OOS,5076,1.053,1.452,27.5,18.8,57.1,5.81,7,2.0,20.0,7.5
QQQ,HOLDOUT,4833,1.033,1.474,19.2,9.8,66.7,5.39,6,2.0,20.0,7.5
QQQ,RECENT,4941,1.042,1.463,29.9,22.3,61.5,5.64,13,2.0,20.0,7.5
QQQ,FULL,3114,0.724,0.994,36.5,27.3,42.4,3.08,33,2.0,20.0,7.5
SMH,IS,3250,0.669,0.945,39.3,29.3,47.4,2.93,19,2.0,20.0,7.5
SMH,OOS,1610,0.243,0.339,38.5,31.9,50.0,1.77,10,2.0,20.0,7.5
SMH,HOLDOUT,8597,1.051,1.514,34.8,27.9,54.5,3.62,11,2.0,20.0,7.5
SMH,RECENT,5476,0.728,1.036,39.1,33.2,52.4,2.53,21,2.0,20.0,7.5
SMH,FULL,4049,0.68,0.965,39.3,33.2,50.0,2.68,40,2.0,20.0,7.5
IWM,IS,969,0.251,0.342,31.2,20.4,28.6,1.54,21,2.0,20.0,7.5
IWM,OOS,1536,0.323,0.461,23.2,14.7,20.0,2.12,5,2.0,20.0,7.5
IWM,HOLDOUT,2010,0.43,0.624,19.6,10.5,50.0,3.17,6,2.0,20.0,7.5
IWM,RECENT,1798,0.382,0.55,30.9,20.9,36.4,2.52,11,2.0,20.0,7.5
IWM,FULL,1267,0.303,0.423,45.4,34.0,31.2,1.86,32,2.0,20.0,7.5
SPY,IS,1549,0.449,0.597,28.4,14.4,36.4,2.49,11,2.0,20.0,10.0
SPY,OOS,1467,0.354,0.469,33.6,18.6,40.0,2.82,5,2.0,20.0,10.0
SPY,HOLDOUT,2560,0.749,1.036,14.1,7.1,75.0,5.7,4,2.0,20.0,10.0
SPY,RECENT,2072,0.551,0.744,40.5,25.7,55.6,3.5,9,2.0,20.0,10.0
SPY,FULL,1736,0.487,0.651,40.5,25.7,45.0,2.9,20,2.0,20.0,10.0
QQQ,IS,1661,0.397,0.526,35.2,22.4,26.3,1.76,19,2.0,20.0,10.0
QQQ,OOS,4892,0.956,1.295,22.5,11.3,66.7,9.26,6,2.0,20.0,10.0
QQQ,HOLDOUT,4204,0.868,1.224,20.4,6.8,60.0,10.0,5,2.0,20.0,10.0
QQQ,RECENT,4512,0.909,1.256,24.9,14.7,63.6,9.5,11,2.0,20.0,10.0
QQQ,FULL,2684,0.599,0.809,35.2,22.4,40.0,3.15,30,2.0,20.0,10.0
SMH,IS,2770,0.544,0.756,44.7,30.6,38.9,2.35,18,2.0,20.0,10.0
SMH,OOS,6106,0.799,1.137,28.1,16.4,66.7,7.44,6,2.0,20.0,10.0
SMH,HOLDOUT,9637,1.153,1.662,35.2,16.4,66.7,7.31,9,2.0,20.0,10.0
SMH,RECENT,8059,1.002,1.436,35.2,17.7,66.7,7.37,15,2.0,20.0,10.0
SMH,FULL,4669,0.739,1.046,44.7,30.6,51.5,4.05,33,2.0,20.0,10.0
IWM,IS,702,0.179,0.242,34.2,22.0,28.6,1.36,21,2.0,20.0,10.0
IWM,OOS,1310,0.271,0.383,23.5,14.7,20.0,2.06,5,2.0,20.0,10.0
IWM,HOLDOUT,1401,0.296,0.42,21.4,10.5,40.0,1.5,5,2.0,20.0,10.0
IWM,RECENT,1361,0.284,0.403,33.5,19.6,30.0,1.83,10,2.0,20.0,10.0
IWM,FULL,939,0.221,0.305,46.1,34.0,29.0,1.51,31,2.0,20.0,10.0
SPY,IS,1442,0.445,0.597,23.6,10.8,45.5,2.75,11,2.0,30.0,7.5
SPY,OOS,1162,0.276,0.36,30.7,19.6,40.0,2.55,5,2.0,30.0,7.5
SPY,HOLDOUT,2169,0.624,0.852,19.7,10.3,60.0,2.47,5,2.0,30.0,7.5
SPY,RECENT,1719,0.45,0.599,37.6,26.7,50.0,2.51,10,2.0,30.0,7.5
SPY,FULL,1542,0.445,0.596,37.6,26.7,47.6,2.62,21,2.0,30.0,7.5
QQQ,IS,2163,0.514,0.685,26.6,22.4,33.3,2.31,18,2.0,30.0,7.5
QQQ,OOS,5054,0.987,1.362,28.4,11.3,66.7,9.45,6,2.0,30.0,7.5
QQQ,HOLDOUT,3790,0.782,1.099,25.2,10.4,33.3,3.22,6,2.0,30.0,7.5
QQQ,RECENT,4355,0.876,1.22,30.9,14.7,50.0,5.47,12,2.0,30.0,7.5
QQQ,FULL,2950,0.656,0.891,30.9,22.4,40.0,3.34,30,2.0,30.0,7.5
SMH,IS,3135,0.63,0.885,39.3,29.3,47.1,2.99,17,2.0,30.0,7.5
SMH,OOS,2486,0.365,0.512,38.5,31.9,44.4,1.93,9,2.0,30.0,7.5
SMH,HOLDOUT,9401,1.137,1.63,32.5,16.4,66.7,5.37,9,2.0,30.0,7.5
SMH,RECENT,6312,0.825,1.173,39.1,33.2,55.6,3.01,18,2.0,30.0,7.5
SMH,FULL,4275,0.704,0.995,39.3,33.2,51.4,3.0,35,2.0,30.0,7.5
IWM,IS,969,0.251,0.342,31.2,20.4,28.6,1.54,21,2.0,30.0,7.5
IWM,OOS,1536,0.323,0.461,23.2,14.7,20.0,2.12,5,2.0,30.0,7.5
IWM,HOLDOUT,2590,0.522,0.769,18.5,10.8,40.0,3.2,5,2.0,30.0,7.5
IWM,RECENT,2119,0.436,0.632,30.9,20.9,30.0,2.59,10,2.0,30.0,7.5
IWM,FULL,1382,0.325,0.456,45.4,34.0,29.0,1.9,31,2.0,30.0,7.5
SPY,IS,1604,0.456,0.611,28.4,10.8,40.0,2.92,10,2.0,30.0,10.0
SPY,OOS,910,0.215,0.28,33.6,18.6,40.0,2.47,5,2.0,30.0,10.0
SPY,HOLDOUT,2560,0.749,1.036,14.1,7.1,75.0,5.7,4,2.0,30.0,10.0
SPY,RECENT,1823,0.479,0.64,40.5,25.7,55.6,3.24,9,2.0,30.0,10.0
SPY,FULL,1682,0.465,0.622,40.5,25.7,47.4,3.06,19,2.0,30.0,10.0
QQQ,IS,1569,0.364,0.476,35.2,22.4,27.8,1.72,18,2.0,30.0,10.0
QQQ,OOS,5669,1.025,1.399,24.8,11.3,60.0,10.0,5,2.0,30.0,10.0
QQQ,HOLDOUT,5278,1.027,1.457,23.6,6.8,50.0,10.0,4,2.0,30.0,10.0
QQQ,RECENT,5453,1.025,1.427,27.3,14.7,55.6,10.0,9,2.0,30.0,10.0
QQQ,FULL,2963,0.631,0.848,35.2,22.4,37.0,3.44,27,2.0,30.0,10.0
SMH,IS,2595,0.501,0.694,44.7,30.6,35.3,2.24,17,2.0,30.0,10.0
SMH,OOS,6106,0.799,1.137,28.1,16.4,66.7,7.44,6,2.0,30.0,10.0
SMH,HOLDOUT,7669,0.917,1.298,35.2,16.4,55.6,4.5,9,2.0,30.0,10.0
SMH,RECENT,6971,0.866,1.228,35.2,17.7,60.0,5.52,15,2.0,30.0,10.0
SMH,FULL,4166,0.655,0.919,44.7,30.6,46.9,3.51,32,2.0,30.0,10.0
IWM,IS,702,0.179,0.242,34.2,22.0,28.6,1.36,21,2.0,30.0,10.0
IWM,OOS,1310,0.271,0.383,23.5,14.7,20.0,2.06,5,2.0,30.0,10.0
IWM,HOLDOUT,2350,0.468,0.681,21.8,10.5,25.0,1.16,4,2.0,30.0,10.0
IWM,RECENT,1885,0.382,0.548,33.5,19.6,22.2,1.65,9,2.0,30.0,10.0
IWM,FULL,1127,0.261,0.363,46.1,34.0,26.7,1.46,30,2.0,30.0,10.0
SPY,IS,1388,0.46,0.615,26.9,17.4,45.5,2.23,11,3.0,20.0,7.5
SPY,OOS,2450,0.603,0.812,25.6,14.5,50.0,4.11,4,3.0,20.0,7.5
SPY,HOLDOUT,2890,0.802,1.107,20.4,9.3,33.3,1.68,3,3.0,20.0,7.5
SPY,RECENT,2694,0.706,0.962,34.5,23.6,42.9,2.91,7,3.0,20.0,7.5
SPY,FULL,1857,0.558,0.753,34.5,23.6,44.4,2.51,18,3.0,20.0,7.5
QQQ,IS,2128,0.514,0.685,36.2,28.4,35.3,2.03,17,3.0,20.0,7.5
QQQ,OOS,4552,0.947,1.295,29.6,21.0,57.1,4.92,7,3.0,20.0,7.5
QQQ,HOLDOUT,3916,0.835,1.177,19.5,10.8,66.7,3.81,6,3.0,20.0,7.5
QQQ,RECENT,4200,0.886,1.231,34.9,26.6,61.5,4.45,13,3.0,20.0,7.5
QQQ,FULL,2872,0.658,0.892,36.2,28.4,46.7,2.81,30,3.0,20.0,7.5
SMH,IS,3386,0.684,0.96,40.3,30.3,50.0,3.35,16,3.0,20.0,7.5
SMH,OOS,1597,0.245,0.341,38.4,31.8,50.0,1.77,10,3.0,20.0,7.5
SMH,HOLDOUT,8597,1.051,1.514,34.8,27.9,54.5,3.62,11,3.0,20.0,7.5
SMH,RECENT,5469,0.731,1.04,39.0,33.1,52.4,2.53,21,3.0,20.0,7.5
SMH,FULL,4134,0.691,0.977,40.3,33.1,51.4,2.8,37,3.0,20.0,7.5
IWM,IS,977,0.256,0.348,27.9,18.8,29.4,1.61,17,3.0,20.0,7.5
IWM,OOS,1428,0.304,0.431,27.1,20.9,25.0,1.86,4,3.0,20.0,7.5
IWM,HOLDOUT,1410,0.31,0.447,18.3,17.5,50.0,2.05,6,3.0,20.0,7.5
IWM,RECENT,1418,0.307,0.439,33.8,23.8,40.0,1.95,10,3.0,20.0,7.5
IWM,FULL,1135,0.276,0.383,45.0,33.7,33.3,1.74,27,3.0,20.0,7.5
SPY,IS,1801,0.528,0.704,30.1,10.3,50.0,3.77,8,3.0,20.0,10.0
SPY,OOS,1930,0.47,0.628,28.5,13.6,50.0,3.89,4,3.0,20.0,10.0
SPY,HOLDOUT,4046,1.085,1.539,15.3,9.3,50.0,4.65,2,3.0,20.0,10.0
SPY,RECENT,3101,0.795,1.093,37.5,22.6,50.0,4.15,6,3.0,20.0,10.0
SPY,FULL,2268,0.631,0.852,37.5,22.6,50.0,3.94,14,3.0,20.0,10.0
QQQ,IS,2008,0.472,0.628,32.4,28.4,33.3,2.05,15,3.0,20.0,10.0
QQQ,OOS,4373,0.858,1.153,24.6,13.4,66.7,7.21,6,3.0,20.0,10.0
QQQ,HOLDOUT,3373,0.7,0.976,20.4,7.0,60.0,4.21,5,3.0,20.0,10.0
QQQ,RECENT,3820,0.773,1.058,29.9,19.0,63.6,5.85,11,3.0,20.0,10.0
QQQ,FULL,2658,0.589,0.793,32.4,28.4,46.2,3.01,26,3.0,20.0,10.0
SMH,IS,3070,0.586,0.811,45.7,31.6,46.7,2.85,15,3.0,20.0,10.0
SMH,OOS,6059,0.805,1.145,27.9,16.1,66.7,7.5,6,3.0,20.0,10.0
SMH,HOLDOUT,9637,1.153,1.662,35.2,16.4,66.7,7.31,9,3.0,20.0,10.0
SMH,RECENT,8038,1.005,1.441,35.2,17.5,66.7,7.39,15,3.0,20.0,10.0
SMH,FULL,4854,0.762,1.076,45.7,31.6,56.7,4.57,30,3.0,20.0,10.0
IWM,IS,711,0.183,0.247,34.4,22.3,29.4,1.42,17,3.0,20.0,10.0
IWM,OOS,1205,0.252,0.354,27.1,20.9,25.0,1.8,4,3.0,20.0,10.0
IWM,HOLDOUT,808,0.175,0.247,19.6,17.5,40.0,0.92,5,3.0,20.0,10.0
IWM,RECENT,985,0.21,0.296,36.3,22.5,33.3,1.39,9,3.0,20.0,10.0
IWM,FULL,810,0.193,0.266,45.8,33.7,30.8,1.41,26,3.0,20.0,10.0
SPY,IS,1512,0.47,0.631,25.3,10.3,55.6,3.35,9,3.0,30.0,7.5
SPY,OOS,1636,0.391,0.517,25.6,14.5,50.0,3.46,4,3.0,30.0,7.5
SPY,HOLDOUT,2890,0.802,1.107,20.4,9.3,33.3,1.68,3,3.0,30.0,7.5
SPY,RECENT,2330,0.602,0.811,34.5,23.6,42.9,2.57,7,3.0,30.0,7.5
SPY,FULL,1805,0.521,0.701,34.5,23.6,50.0,2.92,16,3.0,30.0,7.5
QQQ,IS,1949,0.47,0.629,33.9,28.4,31.2,1.92,16,3.0,30.0,7.5
QQQ,OOS,4530,0.888,1.214,30.6,13.4,66.7,7.36,6,3.0,30.0,7.5
QQQ,HOLDOUT,3191,0.646,0.897,25.2,10.4,40.0,3.26,5,3.0,30.0,7.5
QQQ,RECENT,3789,0.756,1.042,35.8,19.0,54.5,5.18,11,3.0,30.0,7.5
QQQ,FULL,2610,0.583,0.79,35.8,28.4,40.7,2.79,27,3.0,30.0,7.5
SMH,IS,3566,0.707,0.996,40.3,30.3,50.0,3.92,14,3.0,30.0,7.5
SMH,OOS,2417,0.362,0.506,38.4,31.8,44.4,1.92,9,3.0,30.0,7.5
SMH,HOLDOUT,9401,1.137,1.63,32.5,16.4,66.7,5.37,9,3.0,30.0,7.5
SMH,RECENT,6281,0.826,1.175,39.0,33.1,55.6,3.0,18,3.0,30.0,7.5
SMH,FULL,4540,0.746,1.056,40.3,33.1,53.1,3.3,32,3.0,30.0,7.5
IWM,IS,977,0.256,0.348,27.9,18.8,29.4,1.61,17,3.0,30.0,7.5
IWM,OOS,1428,0.304,0.431,27.1,20.9,25.0,1.86,4,3.0,30.0,7.5
IWM,HOLDOUT,1968,0.408,0.599,18.3,17.5,40.0,2.24,5,3.0,30.0,7.5
IWM,RECENT,1727,0.362,0.523,33.8,23.8,33.3,2.05,9,3.0,30.0,7.5
IWM,FULL,1246,0.298,0.416,45.0,33.7,30.8,1.79,26,3.0,30.0,7.5
SPY,IS,1675,0.48,0.643,30.1,10.3,50.0,3.53,8,3.0,30.0,10.0
SPY,OOS,1378,0.328,0.432,28.5,13.6,50.0,3.41,4,3.0,30.0,10.0
SPY,HOLDOUT,4046,1.085,1.539,15.3,9.3,50.0,4.65,2,3.0,30.0,10.0
SPY,RECENT,2854,0.724,0.986,37.5,22.6,50.0,3.84,6,3.0,30.0,10.0
SPY,FULL,2099,0.574,0.774,37.5,22.6,50.0,3.67,14,3.0,30.0,10.0
QQQ,IS,2160,0.495,0.661,33.9,28.4,28.6,2.16,14,3.0,30.0,10.0
QQQ,OOS,5151,0.934,1.266,27.0,13.4,60.0,7.95,5,3.0,30.0,10.0
QQQ,HOLDOUT,4234,0.828,1.162,23.4,7.0,50.0,5.58,4,3.0,30.0,10.0
QQQ,RECENT,4644,0.877,1.21,32.3,19.0,55.6,6.88,9,3.0,30.0,10.0
QQQ,FULL,3052,0.647,0.876,33.9,28.4,39.1,3.35,23,3.0,30.0,10.0
SMH,IS,3074,0.582,0.809,45.7,31.6,42.9,2.86,14,3.0,30.0,10.0
SMH,OOS,6059,0.805,1.145,27.9,16.1,66.7,7.5,6,3.0,30.0,10.0
SMH,HOLDOUT,7669,0.917,1.298,35.2,16.4,55.6,4.5,9,3.0,30.0,10.0
SMH,RECENT,6950,0.869,1.232,35.2,17.5,60.0,5.53,15,3.0,30.0,10.0
SMH,FULL,4466,0.699,0.982,45.7,31.6,51.7,4.01,29,3.0,30.0,10.0
IWM,IS,711,0.183,0.247,34.4,22.3,29.4,1.42,17,3.0,30.0,10.0
IWM,OOS,1205,0.252,0.354,27.1,20.9,25.0,1.8,4,3.0,30.0,10.0
IWM,HOLDOUT,1730,0.354,0.513,20.1,17.5,25.0,0.81,4,3.0,30.0,10.0
IWM,RECENT,1496,0.309,0.441,36.3,22.5,25.0,1.3,8,3.0,30.0,10.0
IWM,FULL,993,0.234,0.323,45.8,33.7,28.0,1.37,25,3.0,30.0,10.0
